WER,EER,Runtime (s)
0.480225988700565,0.49999999999995665,117.47301721572876
